,name,ub
0,0,12.999999999999996
1,1,12.999999999999996
2,2,12.999999999999996
3,3,12.999999999999996
4,4,12.999999999999996
5,5,12.999999999999996
6,6,12.999999999999996
7,7,12.999999999999996
8,8,12.999999999999996
9,9,12.999999999999996
10,10,12.999999999999996
11,11,12.999999999999996
12,12,12.999999999999996
13,13,12.999999999999996
14,14,12.999999999999996
