,name,ub
0,0,14999.960000000005
1,1,14999.960000000005
2,2,14999.960000000005
3,3,14999.960000000005
4,4,14999.960000000005
5,5,14999.960000000005
6,6,14999.960000000005
7,7,14999.960000000005
8,8,14999.960000000005
9,9,14999.960000000005
10,10,14999.960000000005
11,11,14999.960000000005
12,12,14999.960000000005
13,13,14999.960000000005
14,14,14999.960000000005
