,name,ub
0,0,10001.989999999998
1,1,10001.989999999998
2,2,10001.989999999998
3,3,10001.989999999998
4,4,10001.989999999998
5,5,10001.989999999998
6,6,10001.989999999998
7,7,10001.989999999998
8,8,10001.989999999998
9,9,10001.989999999998
10,10,10001.989999999998
11,11,10001.989999999998
12,12,10001.989999999998
13,13,10001.989999999998
14,14,10001.989999999998
15,15,10001.989999999998
16,16,10001.989999999998
17,17,10001.989999999998
