,name,ub
0,0,1620.4100000000014
1,1,1620.4100000000014
2,2,1620.4100000000014
3,3,1620.4100000000014
4,4,1620.4100000000014
5,5,1620.4100000000014
6,6,1620.4100000000014
7,7,1620.4100000000014
8,8,1620.4100000000014
9,9,1620.4100000000014
10,10,1620.4100000000014
11,11,1620.4100000000014
