,name,ub
0,0,1031.959999999999
1,1,1031.959999999999
2,2,1031.959999999999
3,3,1031.959999999999
4,4,1031.959999999999
5,5,1031.959999999999
6,6,1031.959999999999
7,7,1031.959999999999
8,8,1031.959999999999
9,9,1031.959999999999
10,10,1031.959999999999
11,11,1031.959999999999
