,name,ub
0,0,1755.3799999999999
1,1,1755.3799999999999
2,2,1755.3799999999999
3,3,1755.3799999999999
4,4,1755.3799999999999
5,5,1755.3799999999999
6,6,1755.3799999999999
7,7,1755.3799999999999
8,8,1755.3799999999999
9,9,1755.3799999999999
10,10,1755.3799999999999
11,11,1755.3799999999999
12,12,1755.3799999999999
13,13,1755.3799999999999
14,14,1755.3799999999999
15,15,1755.3799999999999
16,16,1755.3799999999999
17,17,1755.3799999999999
