,name,ub
0,0,40000.009999999995
1,1,40000.009999999995
2,2,40000.009999999995
3,3,40000.009999999995
4,4,40000.009999999995
5,5,40000.009999999995
6,6,40000.009999999995
7,7,40000.009999999995
8,8,40000.009999999995
9,9,40000.009999999995
10,10,40000.009999999995
11,11,40000.009999999995
