,name,ub
0,0,122.19999999999996
1,1,122.19999999999996
2,2,122.19999999999996
3,3,122.19999999999996
4,4,122.19999999999996
5,5,122.19999999999996
6,6,122.19999999999996
7,7,122.19999999999996
8,8,122.19999999999996
