,name,ub
0,0,27971.449999999997
1,1,27971.449999999997
2,2,27971.449999999997
3,3,27971.449999999997
4,4,27971.449999999997
5,5,27971.449999999997
6,6,27971.449999999997
7,7,27971.449999999997
8,8,27971.449999999997
9,9,27971.449999999997
10,10,27971.449999999997
11,11,27971.449999999997
12,12,27971.449999999997
13,13,27971.449999999997
14,14,27971.449999999997
