,name,ub
0,0,1124.0600000000002
1,1,1124.0600000000002
2,2,1124.0600000000002
3,3,1124.0600000000002
4,4,1124.0600000000002
5,5,1124.0600000000002
6,6,1124.0600000000002
7,7,1124.0600000000002
8,8,1124.0600000000002
9,9,1124.0600000000002
10,10,1124.0600000000002
11,11,1124.0600000000002
