,name,ub
0,0,52.46999999999999
1,1,52.46999999999999
2,2,52.46999999999999
3,3,52.46999999999999
4,4,52.46999999999999
5,5,52.46999999999999
