,name,ub
0,0,6517.9800000000005
1,1,6517.9800000000005
2,2,6517.9800000000005
3,3,6517.9800000000005
4,4,6517.9800000000005
5,5,6517.9800000000005
6,6,6517.9800000000005
7,7,6517.9800000000005
8,8,6517.9800000000005
9,9,6517.9800000000005
10,10,6517.9800000000005
11,11,6517.9800000000005
