,name,ub
0,0,280.56000000000006
1,1,280.56000000000006
2,2,280.56000000000006
3,3,280.56000000000006
4,4,280.56000000000006
5,5,280.56000000000006
6,6,280.56000000000006
7,7,280.56000000000006
8,8,280.56000000000006
9,9,280.56000000000006
10,10,280.56000000000006
11,11,280.56000000000006
12,12,280.56000000000006
13,13,280.56000000000006
14,14,280.56000000000006
15,15,280.56000000000006
16,16,280.56000000000006
17,17,280.56000000000006
