,name,ub
0,0,970.5699999999996
1,1,970.5699999999996
2,2,970.5699999999996
3,3,970.5699999999996
4,4,970.5699999999996
5,5,970.5699999999996
6,6,970.5699999999996
7,7,970.5699999999996
8,8,970.5699999999996
9,9,970.5699999999996
10,10,970.5699999999996
11,11,970.5699999999996
