,name,ub
0,0,55999.92999999999
1,1,55999.92999999999
2,2,55999.92999999999
3,3,55999.92999999999
4,4,55999.92999999999
5,5,55999.92999999999
6,6,55999.92999999999
7,7,55999.92999999999
8,8,55999.92999999999
9,9,55999.92999999999
10,10,55999.92999999999
11,11,55999.92999999999
12,12,55999.92999999999
13,13,55999.92999999999
14,14,55999.92999999999
