,name,ub
0,0,2394.1699999999996
1,1,2394.1699999999996
2,2,2394.1699999999996
3,3,2394.1699999999996
4,4,2394.1699999999996
5,5,2394.1699999999996
6,6,2394.1699999999996
7,7,2394.1699999999996
8,8,2394.1699999999996
