,name,ub
0,0,18480.449999999997
1,1,18480.449999999997
2,2,18480.449999999997
3,3,18480.449999999997
4,4,18480.449999999997
5,5,18480.449999999997
6,6,18480.449999999997
7,7,18480.449999999997
8,8,18480.449999999997
9,9,18480.449999999997
10,10,18480.449999999997
11,11,18480.449999999997
12,12,18480.449999999997
13,13,18480.449999999997
14,14,18480.449999999997
