Name,weight
32,10.22429984
1,10.56235147
36,8.412575452999999
5,5.997435897000001
38,7.394206774
133,7.069493844
362,8.029482759
44,8.801483051
